applicant_id,predicted_pd,actual_default,risk_tier,rate_range
APP1068,0.004883244570059006,0,Q1 - Low Risk,10% - 14%
APP1265,0.9469484228930157,0,Q4 - High Risk,24% - 32%
APP1267,0.06531214059199282,0,Q2 - Moderate Risk,14% - 18%
APP1138,0.1505788988678548,0,Q3 - Elevated Risk,18% - 24%
APP1125,0.022038642137246964,0,Q1 - Low Risk,10% - 14%
APP1030,0.16591000839246592,0,Q3 - Elevated Risk,18% - 24%
APP1054,0.23226069102166802,0,Q3 - Elevated Risk,18% - 24%
APP1192,0.005280532923846917,0,Q1 - Low Risk,10% - 14%
APP1321,0.30467799207788726,0,Q3 - Elevated Risk,18% - 24%
APP1299,0.19545351395507687,1,Q3 - Elevated Risk,18% - 24%
APP1317,0.029093364204377685,0,Q1 - Low Risk,10% - 14%
APP1393,0.038229210433893476,0,Q2 - Moderate Risk,14% - 18%
APP1073,0.06348708388212959,0,Q2 - Moderate Risk,14% - 18%
APP1188,0.3272408638781555,0,Q3 - Elevated Risk,18% - 24%
APP1333,0.6140376808912041,0,Q4 - High Risk,24% - 32%
APP1257,0.04504057428712145,0,Q2 - Moderate Risk,14% - 18%
APP1308,0.5277127043621742,1,Q4 - High Risk,24% - 32%
APP1340,0.15875009557956998,0,Q3 - Elevated Risk,18% - 24%
APP1202,0.05705145650512919,0,Q2 - Moderate Risk,14% - 18%
APP1316,0.017404087136362253,0,Q1 - Low Risk,10% - 14%
APP1326,0.06416506133173558,0,Q2 - Moderate Risk,14% - 18%
APP1184,0.057287540224487614,0,Q2 - Moderate Risk,14% - 18%
APP1223,0.006249359008284065,0,Q1 - Low Risk,10% - 14%
APP1120,0.3665107677652305,1,Q4 - High Risk,24% - 32%
APP1215,0.029065524237640607,0,Q1 - Low Risk,10% - 14%
APP1002,0.3719333974137704,1,Q4 - High Risk,24% - 32%
APP1259,0.021719820264505803,0,Q1 - Low Risk,10% - 14%
APP1153,0.018650981908903855,0,Q1 - Low Risk,10% - 14%
APP1032,0.06900185570100316,0,Q2 - Moderate Risk,14% - 18%
APP1241,0.3183530887189983,0,Q3 - Elevated Risk,18% - 24%
APP1045,0.587719166752941,0,Q4 - High Risk,24% - 32%
APP1253,0.2742337198566201,0,Q3 - Elevated Risk,18% - 24%
APP1271,0.03086130151242123,1,Q1 - Low Risk,10% - 14%
APP1109,0.1749034899041591,0,Q3 - Elevated Risk,18% - 24%
APP1323,0.2393221502829388,1,Q3 - Elevated Risk,18% - 24%
APP1091,0.7093972658922967,1,Q4 - High Risk,24% - 32%
APP1063,0.06379516516544186,0,Q2 - Moderate Risk,14% - 18%
APP1293,0.5176232480550876,0,Q4 - High Risk,24% - 32%
APP1302,0.02155720929014064,0,Q1 - Low Risk,10% - 14%
APP1023,0.08283674211476301,0,Q2 - Moderate Risk,14% - 18%
APP1324,0.3344108192429365,0,Q3 - Elevated Risk,18% - 24%
APP1113,0.29487761390518924,0,Q3 - Elevated Risk,18% - 24%
APP1160,0.19154357067259084,0,Q3 - Elevated Risk,18% - 24%
APP1380,0.724192211979257,0,Q4 - High Risk,24% - 32%
APP1086,0.0064685055717381215,0,Q1 - Low Risk,10% - 14%
APP1034,0.04285143323597694,0,Q2 - Moderate Risk,14% - 18%
APP1374,0.19975039367803557,1,Q3 - Elevated Risk,18% - 24%
APP1389,0.08529345941022697,1,Q2 - Moderate Risk,14% - 18%
APP1347,0.176520689966451,0,Q3 - Elevated Risk,18% - 24%
APP1205,0.023992558102389382,1,Q1 - Low Risk,10% - 14%
APP1165,0.025911198459059905,0,Q1 - Low Risk,10% - 14%
APP1383,0.5496235184643333,0,Q4 - High Risk,24% - 32%
APP1133,0.2630684700580174,0,Q3 - Elevated Risk,18% - 24%
APP1214,0.8335714367956405,1,Q4 - High Risk,24% - 32%
APP1131,0.15941161703559154,0,Q3 - Elevated Risk,18% - 24%
APP1167,0.24980409277543528,1,Q3 - Elevated Risk,18% - 24%
APP1343,0.0823200424416664,0,Q2 - Moderate Risk,14% - 18%
APP1242,0.10547235281583639,0,Q2 - Moderate Risk,14% - 18%
APP1239,0.35160722168413217,0,Q4 - High Risk,24% - 32%
APP1269,0.45367261663255076,0,Q4 - High Risk,24% - 32%
APP1069,0.05427645209444882,0,Q2 - Moderate Risk,14% - 18%
APP1169,0.5061042966429988,1,Q4 - High Risk,24% - 32%
APP1322,0.0788983727639968,1,Q2 - Moderate Risk,14% - 18%
APP1108,0.1389172936943349,0,Q2 - Moderate Risk,14% - 18%
APP1398,0.8055957194201234,0,Q4 - High Risk,24% - 32%
APP1216,0.5551400009509514,1,Q4 - High Risk,24% - 32%
APP1058,0.19071143407700353,0,Q3 - Elevated Risk,18% - 24%
APP1067,0.0376231328874964,0,Q2 - Moderate Risk,14% - 18%
APP1100,0.01229670534583513,0,Q1 - Low Risk,10% - 14%
APP1003,0.1079880551210329,0,Q2 - Moderate Risk,14% - 18%
APP1367,0.03633198634080721,0,Q2 - Moderate Risk,14% - 18%
APP1201,0.7070421848067748,0,Q4 - High Risk,24% - 32%
APP1080,0.5631803882174974,0,Q4 - High Risk,24% - 32%
APP1208,0.014702699491498817,0,Q1 - Low Risk,10% - 14%
APP1065,0.02471355739109164,0,Q1 - Low Risk,10% - 14%
APP1294,0.12688923381317094,1,Q2 - Moderate Risk,14% - 18%
APP1151,0.41751595050879,0,Q4 - High Risk,24% - 32%
APP1101,0.03579979641347467,0,Q1 - Low Risk,10% - 14%
APP1128,0.2194393109408991,0,Q3 - Elevated Risk,18% - 24%
APP1399,0.4916405493857421,0,Q4 - High Risk,24% - 32%
APP1332,0.021693373975235762,0,Q1 - Low Risk,10% - 14%
APP1132,0.42998395748826906,1,Q4 - High Risk,24% - 32%
APP1388,0.028160695060913336,0,Q1 - Low Risk,10% - 14%
APP1240,0.5219863987124133,0,Q4 - High Risk,24% - 32%
APP1353,0.02978172610354559,0,Q1 - Low Risk,10% - 14%
APP1059,0.024167116947317928,0,Q1 - Low Risk,10% - 14%
APP1186,0.00712699619649457,0,Q1 - Low Risk,10% - 14%
APP1123,0.8855517522993043,1,Q4 - High Risk,24% - 32%
APP1024,0.3376495763211281,0,Q3 - Elevated Risk,18% - 24%
APP1238,0.6851924788114022,0,Q4 - High Risk,24% - 32%
APP1365,0.005872930302865388,0,Q1 - Low Risk,10% - 14%
APP1013,0.14611011086158343,0,Q2 - Moderate Risk,14% - 18%
APP1064,0.3036935148385239,0,Q3 - Elevated Risk,18% - 24%
APP1087,0.05229892732315093,0,Q2 - Moderate Risk,14% - 18%
APP1304,0.06670327566696094,0,Q2 - Moderate Risk,14% - 18%
APP1270,0.17475257225610755,0,Q3 - Elevated Risk,18% - 24%
APP1292,0.056370625138521105,0,Q2 - Moderate Risk,14% - 18%
APP1117,0.20173003505510037,1,Q3 - Elevated Risk,18% - 24%
APP1119,0.5564451076535157,1,Q4 - High Risk,24% - 32%
APP1346,0.035333539219386666,0,Q1 - Low Risk,10% - 14%
